doi,title,authors,year
,Carbon pricing policy,none,2017
10.1080/14693062.2020.1831432,Carbon pricing and COVID-19,none,2021
10.1016/j.jeem.2022.102687,Global carbon price asymmetry,none,2022
10.1038/s41562-019-0776-2,Nudging carbon pricing,none,2019
,Carbon price volatility,none,2009
10.1038/s41467-020-18342-7,Carbon pricing and planetary boundaries,none,2020
10.1016/j.joule.2018.11.018,The Case against Carbon Prices,none,2018
10.1016/j.euroecorev.2017.03.015,"Carbon pricing, carbon sequestration and social discounting",none,2017
10.1016/j.jenvman.2014.12.015,Carbon prices and incentives for technological development,none,2015
10.1038/nclimate3302,Make carbon pricing a priority,none,2017
10.1016/j.enpol.2022.112985,Climate change policy and carbon pricing,none,2022
,GUIDING THE WAY THROUGH CARBON PRICING,none,2012
10.17645/pag.v10i1.5437,Carbon Pricing Under Pressure: Withering Markets?,none,2022
10.1080/21606544.2019.1612786,Global carbon pricing and international trade,none,2020
10.1080/14693062.2019.1634509,Beyond carbon pricing: policy levers for negative emissions technologies,none,2019
10.1257/aer.20180517,The Risk-Adjusted Carbon Price,none,2021
,Carbon pricing needs a dividend,none,2020
10.1016/j.eneco.2011.03.003,Nonparametric modeling of carbon prices,none,2011
10.1007/s10797-021-09686-x,Carbon pricing under uncertainty,none,2021
10.1093/ajae/aar096,DOES THE INDEXING OF GOVERNMENT TRANSFERS MAKE CARBON PRICING PROGRESSIVE?,none,2012
10.1016/j.worlddev.2016.03.001,Carbon Pricing Revenues Could Close Infrastructure Access Gaps,none,2016
10.1038/s41558-018-0201-2,Making carbon pricing work for citizens,none,2018
10.1007/s10584-013-0858-5,"Circumspection, reciprocity, and optimal carbon prices",none,2013
10.1162/glep_a_00549,Political Economy Determinants of Carbon Pricing,none,2020
,The role of carbon prices,none,2010
10.1111/phc3.12803,Carbon pricing ethics,none,2022
10.1007/s10640-020-00521-1,Distributional Impacts of Carbon Pricing: A Meta-Analysis,none,2021
10.1007/s10479-013-1389-1,Valuing forestlands with stochastic timber and carbon prices,none,2015
,The Economic and Financial Determinants of Carbon Prices,none,2009
10.1016/j.eneco.2020.105016,"Does weather, or energy prices, affect carbon prices?",none,2021
10.1016/j.egyr.2021.11.270,Carbon price combination prediction model based on improved variational mode decomposition,none,2022
10.1016/j.enpol.2017.07.035,Quantifying the net cost of a carbon price floor in Germany,none,2017
10.1111/j.1467-8462.2011.00668.x,Designing a Carbon Price Policy: Introduction,none,2012
10.1086/717417,The Impact of Carbon Prices on Renewable Energy Support,none,2022
10.1080/17583004.2019.1568138,Carbon price forecasting models based on big data analytics,none,2019
,An ANN-Based Risk Assessment Method for Carbon Pricing,none,2008
,"Carbon prices, not quotas",none,2008
10.1038/s41558-018-0239-1,Carbon prices across countries,none,2018
10.1038/s41597-022-01659-x,World carbon pricing database: sources and methods,none,2022
,More than carbon price,none,2012
10.1016/j.enpol.2018.06.020,Carbon pricing and deep decarbonisation,none,2018
10.3138/CPP.39.Supplement2.S109,Carbon Pricing Options for Canada,none,2013
10.3917/reco.732.0151,CREDIT RISKS SENSITIVITY TO CARBON PRICE,none,2022
10.1016/j.jclepro.2022.132329,A global empirical analysis on the diffusion & innovation of carbon pricing policies,none,2022
10.1080/13547860.2020.1777757,The impact of a national carbon price on China,none,2021
10.1016/j.eneco.2018.11.007,A multiscale analysis for carbon price drivers,none,2019
10.1016/j.physa.2019.122830,Carbon price forecasting with complex network and extreme learning machine,none,2020
10.17310/ntj.2017.4.08,CARBON PRICING IN THE NORTHEAST: LOOKING THROUGH A LEGAL LENS,none,2017
10.1073/pnas.1513967112,"Inequality, climate impacts on the future poor, and carbon prices",none,2015
10.1007/s10614-013-9417-4,Carbon Price Analysis Using Empirical Mode Decomposition,none,2015
10.1007/s11356-022-19713-x,Carbon price forecasting: a novel deep learning approach,none,2022
10.17310/ntj.2017.2.07,THE DESIGN OF BORDER ADJUSTMENTS FOR CARBON PRICES,none,2017
10.1016/j.eneco.2014.07.015,Optimally differentiated carbon prices for unilateral climate policy,none,2014
10.1093/reep/ret008,Reflections-Carbon Pricing in Practice,none,2013
10.1038/nclimate1607,COMMENTARY: Australia's carbon price,none,2012
10.1016/j.enpol.2020.111499,Determinants of internal carbon pricing,none,2020
10.1007/s11676-020-01101-1,At what carbon price forest cutting should stop,none,2020
10.1038/525027a,Energy policy: Push renewables to spur carbon pricing,none,2015
10.1111/1467-8489.12153,"Carbon Pricing: Design, Experiences and Issues",none,2016
10.1007/s11625-022-01206-y,Poverty and inequality implications of carbon pricing under the long-term climate target,none,
10.1016/j.eneco.2018.06.003,Carbon pricing and electricity markets - The case of the Australian Clean Energy Bill,none,2019
10.3138/cpp.2017-074,Carbon Pricing and Competitiveness Pressures: The Case of Cement Trade,none,2020
10.1016/j.apenergy.2010.06.017,Carbon price volatility: Evidence from EU ETS,none,2011
10.1088/1748-9326/abde06,Reducing vehicle cold start emissions through carbon pricing: evidence from Germany,none,2021
10.1016/j.eneco.2017.12.030,A novel multiscale nonlinear ensemble leaning paradigm for carbon price forecasting,none,2018
10.1016/j.apenergy.2020.114719,Bi-objective optimization of biomass supply chains considering carbon pricing policies,none,2020
10.3390/su11164395,Exploring Carbon Pricing in Developing Countries: A Macroeconomic Analysis in Ethiopia,none,2019
,Business in a Changing Climate: Explaining Industry Support for Carbon Pricing,none,2017
,Future of Australia's Carbon Pricing Scheme Hangs in the Balance,none,2014
,Modelling the Optimal Carbon Contract with Endogenous and Exogenous Carbon Prices,none,2010
10.1016/j.apenergy.2022.118601,Carbon price forecasting based on CEEMDAN and LSTM,none,2022
10.1287/inte.2018.0967,Global Carbon Pricing: The Path to Climate Cooperation,none,2018
10.1007/s12053-017-9592-6,The simple arithmetic of carbon pricing and stranded assets,none,2018
10.1038/d41586-021-02881-0,COP26: set a minimum global carbon price for emissions,none,2021
10.1016/j.euroecorev.2019.103341,Increasing carbon pricing in the EU: Evaluating the options,none,2020
10.1016/j.eneco.2011.11.001,Carbon price drivers: Phase I versus Phase II equilibrium?,none,2012
,Putting a (carbon) price on digital,none,2009
,Virtual carbon price is worth testing,none,2018
10.1016/j.apm.2021.03.020,A new hybrid optimization ensemble learning approach for carbon price forecasting,none,2021
10.1016/j.enpol.2014.10.011,Comparison of integrated assessment models: Carbon price impacts on US energy,none,2015
10.1007/s10584-009-9633-z,Delayed carbon sequestration and rising carbon prices,none,2009
10.1109/AUPEC52110.2021.9597757,Optimal Sizing of PV-Battery Systems in Buildings Considering Carbon Pricing,none,2021
10.1007/s11069-018-3433-6,Research on carbon price in emissions trading scheme: a bibliometric analysis,none,2019
10.5547/01956574.39.6.mhyl,Firm-level Estimates of Fuel Substitution: An Application to Carbon Pricing,none,2018
10.1142/S2010007815500128,HOUSEHOLD DISTRIBUTIONAL AND REVENUE RECYCLING EFFECTS OF THE CARBON PRICE IN AUSTRALIA,none,2015
10.1016/j.irfa.2021.101999,What drive carbon price dynamics in China?,none,2022
10.1038/551027a,Lessons from first campus carbon-pricing scheme,none,2017
10.1137/080736910,OPTIMAL STOCHASTIC CONTROL AND CARBON PRICE FORMATION,none,2009
10.1016/j.esr.2016.05.001,Decarbonising the Alberta power system with carbon pricing,none,2016
10.1038/s41893-021-00758-8,Distributional impacts of carbon pricing in developing Asia,none,2021
,Carbon Prices and Automobile Greenhouse Gas Emissions The Extensive and Intensive Margins,none,2012
10.1080/14693062.2018.1470489,"Striving for equivalency across the Alberta, British Columbia, Ontario and Quebec carbon pricing systems: the Pan-Canadian carbon pricing benchmark",none,2018
10.1002/bse.3051,Climate change exposure and internal carbon pricing adoption,none,
10.1177/0047287520903111,Carbon Price Impacts on the Chinese Tourism Industry,none,2021
10.3763/cpol.2010.0104,Carbon pricing and industrial policy in South Africa,none,2010
10.1016/j.jeem.2020.102405,Effectiveness of climate policies: Carbon pricing vs. subsidizing renewables,none,2021
10.1515/cmam-2016-0001,The Valuation of Carbon Bonds Linked with Carbon Price,none,2016
10.17310/ntj.2017.4.09,CANADA'S CARBON PRICE FLOOR,none,2017
10.1080/14693062.2022.2119198,Co-benefits of regionally-differentiated carbon pricing policies across China,none,
10.1016/j.eap.2022.02.010,Carbon price prediction considering climate change: A text-based framework,none,2022
10.17269/s41997-018-0099-5,Carbon pricing: a win-win environmental and public health policy,none,2018
10.1021/es070956a,Storing syngas lowers the carbon price for profitable coal gasification,none,2007
10.1111/j.1475-4932.2012.00798.x,Australia's Carbon Pricing Strategies in a Global Context,none,2012
10.1016/j.energy.2021.122324,A new carbon price prediction model,none,2022
10.1016/j.frl.2022.102809,Carbon price prediction models based on online news information analytics,none,2022
10.1016/j.forpol.2020.102131,Optimal forest rotation under carbon pricing and forest damage risk,none,2020
10.1007/s11356-021-17269-w,Carbon price prediction under output uncertainty,none,2022
10.1007/s10640-018-0251-y,Border Adjustments Supplementing Nationally Determined Carbon Pricing,none,2019
10.5694/mja11.10871,Carbon pricing is a health protection policy,none,2011
10.1016/j.envdev.2022.100727,Political construction of carbon pricing: Experience from New Zealand emissions trading scheme,none,2022
10.1016/j.scitotenv.2020.142052,Carbon price prediction based on modified wavelet least square support vector machine,none,2021
10.15244/pjoes/131083,Sensitivity Analysis of Key Factors Influencing Carbon Prices under the EU ETS,none,2021
10.1016/j.joule.2019.08.008,Higher Carbon Prices on Emissions Alone Will Not Deliver the Paris Agreement,none,2019
10.1038/s41560-018-0109-0,Rapid fuel switching from coal to natural gas through effective carbon pricing,none,2018
,Carbon Pricing and Taxation: Overcoming Obstacles to Policy Reform in the EU,none,2017
,European Carbon Prices and Banking Restrictions: Evidence from Phase I (2005-2007),none,2009
10.1038/NCLIMATE2514,Complementing carbon prices with technology policies to keep climate targets within reach,none,2015
10.1371/journal.pone.0205317,Carbon price volatility: The case of China,none,2018
10.1086/720768,The Welfare Implications of Carbon Price Certainty,none,2022
10.1016/j.eneco.2021.105684,A non-parametric analysis of the driving factors of China's carbon prices,none,2021
10.3390/su11205827,Effect of Carbon Pricing on Optimal Mix Design of Sustainable High-Strength Concrete,none,2019
10.5547/01956574.37.4.mpet,Carbon Price instead of Support Schemes: Wind Power Investments by the Electricity Market,none,2016
10.1016/j.frl.2022.103318,Does carbon price volatility affect European stock market sectors? A connectedness network analysis?,none,2022
10.1038/s41558-021-01270-9,Limited evidence that carbon tax rebates have increased public support for carbon pricing,none,2022
10.1016/j.jeem.2021.102517,Carbon pricing of international transport fuels: Impacts on carbon emissions and trade activity,none,2021
10.3390/en11040966,Determinants and Characteristics of Korean Companies' Carbon Management under the Carbon Pricing Scheme,none,2018
10.1016/j.egyr.2022.05.229,Locational electricity-carbon price model: Design and analysis,none,2022
,The Role of Carbon Pricing in Deep Decarbonization,none,2019
10.1016/j.eneco.2019.04.003,Distributional impact of carbon pricing in Chinese provinces,none,2019
10.1080/14486563.2011.625597,Interaction between Australian carbon prices and energy prices,none,2011
10.1016/j.euroecorev.2020.103440,Carbon pricing special issue in the European economic review,none,2020
10.1093/oep/gpz042,The political economy of carbon pricing: a panel analysis,none,2020
,Carbon prices and firms' financial performance: an industry perspective,none,2015
,Carbon Price Risk Influence on GenCo's Portfolio Optimization,none,2014
10.1016/j.jclepro.2018.04.100,Carbon pricing and general equilibrium under Leontief production technology,none,2018
10.1016/j.ecolecon.2018.03.030,Carbon Pricing: Effectiveness and Equity,none,2018
10.1038/502038a,Keep Australia's carbon pricing,none,2013
10.1177/103530461202300102,Rationales for Additional Climate Policy Instruments Under a Carbon Price,none,2012
10.1016/j.forpol.2006.09.005,Determination of optimal rotation period under stochastic wood and carbon prices,none,2007
10.1002/bse.2302,Sustainable development carbon pricing initiative and voluntary environmental disclosures quality,none,2019
,The Analysis of Carbon Price Volatility Properties in EU-ETS,none,2015
10.1525/elementa.443,Carbon pricing approaches for climate decisions in US higher education: Proxy carbon prices for deep decarbonization,none,2020
10.1111/phc3.12816,Teaching & learning guide for: Carbon pricing ethics,none,2022
10.1080/14693062.2018.1467827,Carbon pricing in practice: a review of existing emissions trading systems,none,2018
10.5018/economics-ejournal.ja.2012-10,Climate Risks and Carbon Prices: Revising the Social Cost of Carbon,none,2012
10.1080/17583004.2019.1577178,"Internal carbon pricing: rationale, promise and limitations",none,2019
10.5547/2160-5890.4.2.aock,An International Carbon-Price Commitment Promotes Cooperation,none,2015
10.1007/s11356-021-18137-3,Construction of a carbon price benchmark in China-analysis of eight pilot markets,none,2022
10.1007/s11356-022-18606-3,The impact of carbon pricing on international competitiveness in the case of Azerbaijan,none,2022
10.1007/s11356-021-16052-1,Exploring volatility of carbon price in European Union due to COVID-19 pandemic,none,2022
10.1016/j.jclepro.2017.07.206,The impacts of carbon pricing on coastal megacities: A CGE analysis of Singapore,none,2017
10.1016/j.eneco.2012.08.016,Alternative approaches for levelling carbon prices in a world with fragmented carbon markets,none,2012
10.1007/s10640-022-00711-z,How Does State-Level Carbon Pricing in the United States Affect Industrial Competitiveness?,none,
10.3390/su14031812,Adopting Carbon Pricing Tools at the Local Level: A City Case Study in Portugal,none,2022
10.1016/j.jclepro.2019.03.264,Bidirectional interactions between trading behaviors and carbon prices in European Union emission trading scheme,none,2019
10.1080/14693062.2014.965655,Tax and trade: a hybrid climate policy instrument to control carbon prices and emissions,none,2015
10.1111/japp.12429,The Unfair Burdens Argument Against Carbon Pricing,none,2020
10.1162/glep_r_00475,Global Carbon Pricing: The Path to Climate Cooperation,none,2018
10.1080/10438599.2020.1787000,"Relationship of environment with technological innovation, carbon pricing, renewable energy, and global food production",none,2021
10.1016/j.eneco.2011.07.023,Distributional impacts of carbon pricing: A general equilibrium approach with micro-data for households,none,2011
10.5547/01956574.42.5.nben,National Climate Policies and Corporate Internal Carbon Pricing,none,2021
10.1016/j.jbankfin.2015.11.004,Why do carbon prices and price volatility change?,none,2016
10.3390/su12145581,Does the Impact of Carbon Price Determinants Change with the Different Quantiles of Carbon Prices? Evidence from China ETS Pilots,none,2020
10.1080/13504851.2010.528352,Social time preference and the optimal carbon price,none,2011
10.1016/j.eneco.2022.105862,Carbon prices forecasting in quantiles,none,2022
10.5547/01956574.36.4.cmar,The Implicit Carbon Price of Renewable Energy Incentives in Germany,none,2015
10.1016/j.ijpe.2014.11.012,Carbon pricing versus emissions trading: A supply chain planning perspective,none,2015
10.1093/oep/gpw073,Scarcity climate rents under a carbon price with oligopoly competition,none,2017
,Flexible Global Carbon Pricing Study: A New Method to Establish the International Cooperation on Reducing Carbon Emission,none,2012
10.1017/nie.2020.3,THE CHANGING ROLE OF CARBON PRICING IN THE EU,none,2020
10.1016/j.reseneeco.2021.101229,"Permit markets, carbon prices and the creation of innovation clusters*",none,2021
10.1016/j.apenergy.2019.01.194,Impacts of carbon price level in carbon emission trading market,none,2019
10.1038/s41893-018-0083-3,Mobilizing domestic resources for the Agenda 2030 via carbon pricing,none,2018
,Nuclear power: A hedge against uncertain gas and carbon prices?,none,2006
10.1093/jel/eqr032,EU ETS: Upholding the Carbon Price Without Incidence of Carbon Leakage,none,2012
10.1016/j.jclepro.2021.126491,"Carbon pricing and income inequality:A case study of Guangdong Province, China",none,2021
10.1080/24694452.2017.1293497,Spatializing Climate Justice: Justice Claim Making and Carbon Pricing Controversies in Australia,none,2017
10.1016/j.scitotenv.2020.138350,Carbon price forecasting with optimization prediction method based on unstructured combination,none,2020
10.1155/2020/7640505,Coordination of an Environmentally Responsible Supply Chain with Cost Disturbance under Carbon Price Fluctuations,none,2020
10.1016/j.jenvman.2019.01.110,Combining carbon pricing with LPG subsidy for promoting preservation and restoration of Uttarakhand forests,none,2019
,Carbon pricing: is this a cunning plan?,none,2017
10.1016/j.eneco.2022.106115,The effectiveness of carbon pricing: The role of diversification in a firm's investment decision?,none,2022
10.1108/ARJ-08-2020-0278,Estimation of a term structure model of carbon prices through state spaces methods: a pitch,none,2021
10.1016/j.enpol.2021.112478,Distributional effects of carbon pricing when considering household heterogeneity: An EASI application for Austria,none,2021
10.3390/en14051328,A Carbon Price Prediction Model Based on the Secondary Decomposition Algorithm and Influencing Factors,none,2021
10.1080/14693062.2020.1816888,"A dual-track transition to global carbon pricing: nice idea, but doomed to fail",none,2020
10.1016/j.enpol.2014.09.026,Carbon prices and CCS investment: A comparative study between the European Union and China,none,2014
10.1080/14693062.2021.2014298,Measuring comprehensive carbon prices of national climate policies,none,2022
10.1016/j.enpol.2021.112654,Barriers to internal carbon pricing in German companies,none,2021
,"Australia Kills Carbon Price, Faces Murky Carbon Future",none,2014
10.1016/j.euroecorev.2019.05.011,"Carbon pricing, technology transition, and skill-based development",none,2019
10.1002/for.2784,Forecasting carbon price using a multi-objective least squares support vector machine with mixture kernels,none,2022
10.1080/10495142.2015.1053343,"Sustainability Living in a Carbon-Priced Economy: Shoulds and Woulds, Making Amends and Sustainability Guilt",none,2015
10.3390/ijerph19106217,Forecasting Carbon Price in China: A Multimodel Comparison,none,2022
10.1002/pam.22312,THE ROLE OF CARBON PRICING IN CLIMATE POLICY,none,2021
10.1111/1758-5899.12920,Beyond Carbon Pricing: Tax Reform is Climate Policy,none,2021
10.1080/14693062.2020.1805291,Carbon pricing and competitiveness: are they at odds?,none,2020
10.1257/pandp.20201083,The Cost-Effectiveness Implications of Carbon Price Certainty,none,2020
10.3390/en14144094,"Impact of Internal Carbon Prices on the Energy System of an Organisation's Facilities in Germany, Japan and the United Kingdom Compared to Potential External Carbon Prices",none,2021
10.1016/j.energy.2021.120919,Optimal clean heating mode of the integrated electricity and heat energy system considering the comprehensive energy-carbon price,none,2021
10.1111/gcb.15613,"Current carbon prices do not stack up to much land use change, despite bundled ecosystem service co-benefits",none,2021
10.1080/14693062.2017.1382318,Empirical calibration of climate policy using corporate solvency: a case study of the UK's carbon price support,none,2018
10.1007/s12351-017-0345-2,Carbon price interaction between allocated permits and generated offsets,none,2020
10.13044/j.sdewes.d7.0282,Carbon Price Evaluation in Power Systems for Flaring Mitigation,none,2019
10.1080/00036846.2016.1170930,How to explain carbon price using market micro-behaviour?,none,2016
,Climate Policy after Copenhagen. The Role of Carbon Pricing,none,2012
10.1016/j.apenergy.2021.117324,Impact of carbon pricing on distributed energy systems planning,none,2021
10.1111/1475-5890.12097,"Cheaper, Greener and More Efficient: Rationalising UK Carbon Prices",none,2017
10.1007/s10640-017-0130-y,Differentiated Carbon Prices and the Economic Cost of Decarbonization,none,2018
10.1016/j.jenvman.2021.113935,A fair and progressive carbon price for a sustainable economy,none,2022
10.1007/s10018-021-00313-x,EEPS special issue on Carbon Pricing in East Asia PREFACE,none,2021
10.1111/exsy.12084,A new methodology for carbon price forecasting in EU ETS,none,2015
,On carbon prices and volumes in the evolving 'Kyoto market',none,2004
10.1177/1350507618773393,Business in a changing climate: Explaining industry support for carbon pricing,none,2019
10.5547/01956574.40.1.dnew,The Political Economy of a Carbon Price Floor for Power Generation,none,2019
10.1016/j.egypro.2017.03.814,Balancing Energy Efficiency And Fossil Fuel : The Role Of Carbon Pricing,none,2017
,"Clean energy firms' stock prices, technology, oil prices, and carbon prices",none,2015
10.1007/s10479-021-04499-x,An eco-friendly closed-loop supply chain facing demand and carbon price uncertainty,none,
10.1007/s10784-015-9289-2,Global carbon pricing and the Common But Differentiated Responsibilities: the case of China,none,2016
10.1086/676039,Can Negotiating a Uniform Carbon Price Help to Internalize the Global Warming Externality?,none,2014
10.1080/17565529.2011.598367,Mitigating climate change through carbon pricing: An emerging policy debate in South Africa,none,2011
10.1016/j.scitotenv.2020.137982,Scenario simulation of the EU carbon price and its enlightenment to China,none,2020
10.1016/j.energy.2019.03.139,Impact of carbon pricing on the cruise ship energy systems optimal configuration,none,2019
10.1017/err.2020.102,Motivated Reasoning and Implicit Carbon Prices: Overcoming Public Opposition to Carbon Taxes and Emissions Trading Schemes,none,2022
10.1016/j.jclepro.2019.118671,A carbon price prediction model based on secondary decomposition algorithm and optimized back propagation neural network,none,2020
10.1016/j.accre.2018.01.002,Carbon emission scenarios of China's power sector: Impact of controlling measures and carbon pricing mechanism,none,2018
10.1016/j.enpol.2006.08.013,Carbon pricing and the diffusion of renewable power generation in Eastern Europe: A linear programming approach,none,2007
10.1016/j.irfa.2022.102139,"A tale of two tails among carbon prices, green and non-green cryptocurrencies",none,2022
10.1016/j.isci.2021.102655,The role of national carbon pricing in phasing out China's coal power,none,2021
10.1016/j.exis.2020.01.012,Carbon prices for meeting the Paris agreement and their impact on key metals,none,2020
10.1111/eulj.12307,Fixing the emissions trading scheme: Carbon price stability in the EU and China,none,2019
10.1016/j.energy.2010.10.039,How carbon pricing changes the relative competitiveness of low-carbon baseload generating technologies,none,2011
10.1016/j.buildenv.2022.108936,Interactions between carbon prices and the construction industry in China: Evidence based on Network-SVAR,none,2022
10.3390/su11215928,A p-Robust Green Supply Chain Network Design Model under Uncertain Carbon Price and Demand,none,2019
,Generators Propose a Plan for Carbon Pricing,none,2009
10.3934/environsci.20220012,Carbon tax as the most appropriate carbon pricing mechanism for developing countries and strategies to design an effective policy,none,2022
10.1007/s10098-013-0691-6,Carbon pricing and electricity market reforms in China,none,2014
10.1016/j.esr.2022.100801,"Adoption, implementation and design of carbon pricing policy instruments",none,2022
10.1007/s10018-014-0101-2,Increase in carbon prices: analysis of energy-economy modeling,none,2015
10.1628/fa-2021-0011,Distributional Effects of Carbon Pricing in Germany,none,2021
10.1111/ecoj.12436,Carbon Prices for the Next Hundred Years,none,2018
10.1080/14693062.2020.1782824,Carbon pricing and economic populism: the case of Ontario,none,2020
10.3934/QFE.2019.1.109,Supply-side perspective for carbon pricing,none,2019
10.1016/j.envsci.2020.04.014,Diversity disqualifies global uniform carbon pricing for effective climate policy,none,2020
10.1016/j.enpol.2008.10.050,The impact of carbon prices on generation-cycling costs,none,2009
10.1080/17565529.2015.1067183,Impacts of carbon pricing on income inequality in Brazil,none,2017
,AIR CAPTURE COULD RESULT IN LOWER GLOBAL CARBON PRICE,none,2011
10.1093/jel/eqr033,Carbon Taxation in the EU: Expanding the EU Carbon Price,none,2012
10.1016/j.energy.2021.123006,A novel interval decomposition ensemble model for interval carbon price forecasting,none,2022
10.1016/j.eneco.2022.106139,Introduction to the Special Issue EMF 36: Carbon pricing after Paris (CarPri),none,2022
10.1016/j.erss.2021.102458,Far from optimal? Exploring the normative premises and politics of carbon pricing,none,2022
10.1108/IJSHE-01-2021-0006,University leadership in climate mitigation: reducing emissions from waste through carbon pricing,none,2022
10.1080/09644016.2020.1719652,Is Canadian carbon pricing here to stay? The outlook after 14 elections,none,2020
10.1080/17583004.2019.1589842,Forecasting carbon price in the Western Climate Initiative market using Bayesian networks,none,2019
10.1016/j.enpol.2016.07.023,Carbon pricing in the EU: Evaluation of different EU ETS reform options,none,2016
,"Why Carbon Pricing Isn't Working Good Idea in Theory, Failing in Practice",none,2018
10.1016/j.jeem.2021.102450,The social cost of carbon and inequality: When local redistribution shapes global carbon prices,none,2021
10.1021/acs.est.0c01861,"Grid-Scale Life Cycle Greenhouse Gas Implications of Renewable, Storage, and Carbon Pricing Options",none,2020
10.1007/s10614-018-9862-1,A Novel Decomposition-Ensemble Based Carbon Price Forecasting Model Integrated with Local Polynomial Prediction,none,2020
10.1016/j.eneco.2020.104678,On the economics of carbon pricing: Insights from econometric modeling with industry-level data,none,2020
10.1016/j.cie.2017.09.026,Coordinating carbon pricing policy and renewable energy policy with a case study in China,none,2017
10.1016/j.rser.2021.111701,Why electricity market models yield different results: Carbon pricing in a model-comparison experiment,none,2022
10.21314/JEM.2020.205,"Carbon pricing paths to a greener future, and potential roadblocks to public companies' creditworthiness",none,2020
10.1016/j.apenergy.2017.01.076,Forecasting carbon price using empirical mode decomposition and evolutionary least squares support vector regression,none,2017
10.1016/j.jeem.2021.102560,Climate policy without a price signal: Evidence on the implicit carbon price of energy efficiency in buildings,none,2022
10.1016/j.desal.2013.03.033,"Economic analysis of desalination technologies in the context of carbon pricing, and opportunities for membrane distillation",none,2013
10.1086/701805,"To Everything There Is a Season: Carbon Pricing, Research Subsidies, and the Transition to Fossil-Free Energy",none,2019
10.1016/j.joule.2020.01.019,Economic Impact of a Unilateral Carbon Price,none,2020
10.1111/ajph.12021,Irresistible Force? Achieving Carbon Pricing in Australia,none,2013
10.1080/13504500903541806,"Climate change, carbon prices and insurance systems",none,2010
10.3390/su11010116,Evolutionary Analysis of a Three-Dimensional Carbon Price Dynamic System,none,2019
10.1016/j.eneco.2021.105550,Understanding regressivity: Challenges and opportunities of European carbon pricing,none,2021
10.1038/s41467-021-22211-2,Alternative carbon price trajectories can avoid excessive carbon removal,none,2021
10.1057/s41267-021-00403-8,MNE responses to carbon pricing regulations: Theory and evidence,none,2021
10.5547/2160-5890.11.2.cmun,From Negative to Positive Carbon Pricing in Mexico,none,2022
10.1080/14693062.2020.1797618,A dual-track transition to global carbon pricing,none,2020
10.1016/j.enpol.2016.01.031,Carbon price and wind power support in Denmark,none,2016
10.1016/j.eneco.2021.105396,Distributional effects of carbon pricing in Brazil under the Paris Agreement,none,2021
10.1080/17530350.2022.2028649,Distributed accountability: picking a carbon price for cost-benefit analysis,none,2022
10.1016/j.eneco.2021.105585,Between- and within-country distributional impacts from harmonizing carbon prices in the EU,none,2021
10.1016/j.esd.2018.03.005,Can carbon pricing jointly promote climate change mitigation and human development in Peru?,none,2018
10.1016/j.egypro.2017.12.190,Cointegration relationship between carbon price and its factors: evidence from structural breaks analysis,none,2017
10.1016/j.asoc.2016.02.029,Using computational intelligence to forecast carbon prices,none,2016
,Drop in EU carbon prices baffles analysts,none,2006
10.1016/j.enpol.2018.03.050,Adoption of solar and wind energy: The roles of carbon pricing and aggregate policy support,none,2018
10.1016/j.enpol.2022.113187,Carbon price floors and low-carbon investment: A survey of German firms,none,2022
10.1088/1748-9326/ac63d6,Shifting concerns for the EU ETS: are carbon prices becoming too high?,none,2022
10.1111/j.1467-8462.2011.00669.x,Policy Forum: Designing a Carbon Price Policy: Empirical Uncertainties in Climate Policy Implementation,none,2012
10.1080/17583004.2019.1686930,Forecasting carbon price using empirical wavelet transform and gated recurrent unit neural network,none,2020
10.5547/01956574.34.4.10,Investments in Imperfect Power Markets under Carbon Pricing: A Case Study Based Analysis,none,2013
10.1504/IJGW.2019.100174,The impacts of carbon pricing on the Brazilian power distribution sector,none,2019
10.1016/j.apenergy.2017.09.007,Dynamics of China's carbon prices in the pilot trading phase,none,2017
10.1016/j.enpol.2007.10.029,Price drivers and structural breaks in European carbon prices 2005-2007,none,2008
10.1002/wcc.458,Up and down with climate politics 2013-2016: the repeal of carbon pricing in Australia,none,2017
,A Comment on Carbon Pricing and Taxation: Overcoming Obstacles to Policy Reform in the EU,none,2017
10.1080/14693062.2014.937389,Firm responses to a carbon price: corporate decision making under British Columbia's carbon tax,none,2015
10.1111/1758-5899.12265,Good Fiscal Policy: Governments Using Carbon Pricing to Drive Low-Carbon Investment,none,2015
,The effect of inhomogeneous carbon prices on the cost-optimal design of a simplified European power system,none,2019
10.1007/s12053-018-9669-x,Minimum energy performance standards for the 1.5 degrees C target: an effective complement to carbon pricing,none,2019
10.1088/1748-9326/aa94a3,"Distributions of carbon pricing on extraction, combustion and consumption of fossil fuels in the global supply-chain",none,2018
10.1016/j.eneco.2018.10.020,"Impacts of global carbon pricing on international trade, modal choice and emissions from international transport",none,2018
10.1073/pnas.2010380117,Low-carbon transition is improbable without carbon pricing,none,2020
,Global Carbon Pricing: The Path to Climate Cooperation,none,2018
10.1016/j.ejor.2020.03.012,Carbon pricing initiatives-based bi-level pollution routing problem,none,2020
10.1016/j.knosys.2020.106686,A new secondary decomposition ensemble learning approach for carbon price forecasting,none,2021
10.1016/j.erss.2021.102062,Climate change and carbon pricing: Overcoming three dimensions of failure,none,2021
10.17310/ntj.2017.4.07,(OVERLY) GREAT EXPECTATIONS: CARBON PRICING AND REVENUE UNCERTAINTY IN CALIFORNIA,none,2017
10.1016/j.rser.2009.12.001,Comparative assessment of future power generation technologies based on carbon price development,none,2010
10.1016/j.enpol.2021.112392,Effects of electricity demand reductions under a carbon pricing regime on emissions: lessons from COVID-19,none,2021
10.1016/j.erss.2020.101659,Can money buy you (climate) happiness? Economic co-benefits and the implementation of effective carbon pricing policies in Mexico,none,2020
10.1016/j.jclepro.2018.06.292,Can carbon pricing support onshore wind power development in China? An assessment based on a large sample project dataset,none,2018
10.5547/01956574.36.3.pwil,Impact of Carbon Prices on Wholesale Electricity Prices and Carbon Pass-Through Rates in the Australian National Electricity Market,none,2015
10.1016/j.enpol.2012.05.075,A literature review of economic studies on carbon pricing and Australian wholesale electricity markets,none,2012
10.3390/en14248424,A VaR-Based Methodology for Assessing Carbon Price Risk across European Union Economic Sectors,none,2021
10.1007/s10640-020-00436-x,Carbon Pricing Efficacy: Cross-Country Evidence,none,2020
10.12693/APhysPolA.135.368,A Novel Hybrid Carbon Price Forecasting Model Based on Radial Basis Function Neural Network,none,2019
10.1038/NCLIMATE2756,Australians' views on carbon pricing before and after the 2013 federal election,none,2015
10.5547/2160-5890.6.1.ften,Interactions between market reform and a carbon price in China's power sector,none,2017
10.1016/j.jbusres.2022.02.071,How does internal carbon pricing affect corporate environmental performance?,none,2022
10.3390/su12072754,China's Carbon Pricing Based on Heterogeneous Tail Distribution,none,2020
10.1111/1467-8489.12370,Energy mix persistence and the effect of carbon pricing,none,2020
10.1108/IJCCSM-03-2014-0040,Dynamics of optimal carbon prices with inter-temporal regulation,none,2016
10.1007/s11356-022-18689-y,"The impact of carbon pricing, climate financing, and financial literacy on COVID-19 cases: go-for-green healthcare policies",none,2022
10.1002/pa.2702,The role of solar energy demand in the relationship between carbon pricing and environmental degradation: A blessing in disguise,none,
10.1002/wcc.681,The effect of carbon pricing on technological change for full energy decarbonization: A review of empirical ex-post evidence,none,2021
10.1016/j.energy.2015.04.097,Long term outlook of primary energy consumption of the Italian thermoelectric sector: Impact of fuel and carbon prices,none,2015
10.1111/caje.12436,Leave it in the ground? Oil sands development under carbon pricing,none,2020
10.1007/s10640-018-00309-4,Carbon Prices and Fuel Switching: A Quasi-experiment in Electricity Markets,none,2019
10.1016/j.enpol.2021.112664,Energy policy implications of carbon pricing scenarios for the Brazilian NDC implementation,none,2022
10.1016/j.joule.2019.03.006,Exploiting Synergy of Carbon Pricing and Other Policy Instruments for Deep Decarbonization,none,2019
10.1016/j.enpol.2017.01.008,What policy adjustments in the EU ETS truly affected the carbon prices?,none,2017
10.1016/j.enpol.2011.02.029,"Carbon prices, institutions, technology and electricity generation firms in two Australian states",none,2011
10.1080/14693062.2011.601615,Getting the carbon price right through climate border measures: a Chinese perspective,none,2011
10.1016/j.enpol.2019.05.026,Carbon pricing pass-through: Evidence from Ontario and Quebec's wholesale gasoline markets,none,2019
10.1162/REST_a_00627,Green Expectations: Current Effects of Anticipated Carbon Pricing,none,2017
,Modeling carbon price fluctuations of European Union Allowances,none,2013
10.1016/j.spc.2021.04.025,Ambitious corporate climate action: Impacts of science-based target and internal carbon pricing on carbon management reputation-Evidence from Japan,none,2021
10.1038/s41558-018-0139-4,Air quality co-benefits of carbon pricing in China,none,2018
10.1007/s10100-019-00627-y,Effectiveness of carbon pricing policies for promoting urban freight electrification: analysis of last mile delivery in Madrid,none,2020
10.1080/14693062.2020.1750334,Curbing the car: the mitigation potential of a higher carbon price in the New Zealand transport sector,none,2020
10.1080/10042857.2015.1009257,Effect analysis of carbon trading on Economy-Energy-Environment system and calculation of reasonable carbon price intervals,none,2015
10.1016/j.energy.2020.119644,The future of coal supply in China based on non-fossil energy development and carbon price strategies,none,2021
10.1016/j.enpol.2013.10.031,"The effects of carbon prices and anti-leakage policies on selected industrial sectors in Spain - Cement, steel and oil refining",none,2014
10.1016/j.jclepro.2020.122644,How do carbon prices react to regulatory announcements in China? A genetic algorithm with overlapping events,none,2020
10.1016/j.enpol.2020.111647,Coal phase-outs and carbon prices: Interactions between EU emission trading and national carbon mitigation policies,none,2020
10.1016/j.jenvman.2020.110721,Planning electric power system under carbon-price mechanism considering multiple uncertainties - A case study of Tianjin,none,2020
10.1007/s10098-017-1461-7,An optimization study of a palm oil-based regional bio-energy supply chain under carbon pricing and trading policies,none,2018
10.1016/j.applthermaleng.2014.04.002,Investigation of a gas turbine CHP system under the carbon price in Australia considering natural gas and biogas fuels,none,2014
10.1016/j.asoc.2021.107935,Carbon price forecasting system based on error correction and divide-conquer strategies,none,2022
10.1007/s10640-020-00421-4,Estimating Power Sector Leakage Risks and Provincial Impacts of Canadian Carbon Pricing,none,2020
10.1016/j.scitotenv.2021.149110,A multi-factor integrated model for carbon price forecasting: Market interaction promoting carbon emission reduction,none,2021
10.1080/20430795.2021.1927387,Carbon prices and emission intensity: role of autonomous improvements and price-driven changes,none,
10.1111/gec3.12554,"Approaches to energy transitions: Carbon pricing, managed decline, and/or green new deal?",none,2021
10.1016/j.trd.2012.08.006,The implications of carbon pricing in Australia: An industrial logistics planning case study,none,2013
10.1007/s11356-022-22286-4,A carbon price hybrid forecasting model based on data multi-scale decomposition and machine learning,none,
10.1016/j.apenergy.2021.116485,A hybrid model for carbon price forecasting using GARCH and long short-term memory network,none,2021
10.1111/ropr.12373,The Political Viability of Carbon Pricing: Policy Design and Framing in British Columbia and California,none,2020
10.1007/s11356-022-20376-x,Key factors affecting carbon prices from a time-varying perspective,none,2022
,Carbon sequestration in global forests under different carbon price regimes,none,2006
10.1007/s10479-015-1936-z,Green supply chain network design with stochastic demand and carbon price,none,2017
10.1080/14693062.2021.1981212,Economic and social effectiveness of carbon pricing schemes to meet Brazilian NDC targets,none,2022
10.1016/j.gloenvcha.2022.102525,Assessing the authenticity of national carbon prices: A comparison of 31 countries,none,2022
,Study on Low-carbon Supply Chain Optimization Strategies under Endogenous Carbon Price,none,2017
10.2495/ISME20133913,A comparison between least squares support vector machines and time series models for carbon price prediction,none,2014
10.5547/01956574.42.3.faun,Are Carbon Prices Redundant in the 2030 EU Climate and Energy Policy Package?,none,2021
10.1002/for.2831,Optimal hybrid framework for carbon price forecasting using time series analysis and least squares support vector machine,none,2022
10.1073/pnas.2014350117,REPLY TO VAN DEN BERGH AND BOTZEN: A clash of paradigms over the role of carbon pricing,none,2020
10.1016/j.apenergy.2022.119784,Predicting China's carbon price based on a multi-scale integrated model,none,2022
10.1007/s10018-020-00287-2,Does national carbon pricing policy affect voluntary environmental disclosures? A global evidence,none,2021
10.1016/j.jeem.2021.102580,Carbon pricing and power sector decarbonization: Evidence from the UK,none,2022
,Tourism impacts in South-East Asia from aviation carbon pricing,none,2010
10.1016/j.enpol.2020.111541,What explains carbon-pricing variation between countries?,none,2020
10.1016/j.jclepro.2022.131766,The effect of carbon pricing on cut-off grade and optimal pit limits in a high grade copper-cobalt deposit,none,2022
10.1080/00207543.2019.1693656,A GIS-based green supply chain model for assessing the effects of carbon price uncertainty on plastic recycling,none,2020
10.1016/j.chaos.2021.111783,Hybrid intelligent framework for carbon price prediction using improved variational mode decomposition and optimal extreme learning machine,none,2022
10.1061/(ASCE)WR.1943-5452.0000072,Single-Objective versus Multiobjective Optimization of Water Distribution Systems Accounting for Greenhouse Gas Emissions by Carbon Pricing,none,2010
10.1073/pnas.2004093117,Why carbon pricing is not sufficient tomitigate climate change-and how sustainability transition policy can help,none,2020
10.1080/09654313.2012.667930,Clean Energy Technology and the Role of Non-Carbon Price-Based Policy: An Evolutionary Economics Perspective,none,2012
10.1016/j.jtrangeo.2011.09.001,Policy in motion: reassembling carbon pricing policy development in the personal transport sector in British Columbia,none,2011
10.1016/j.asoc.2022.108560,Hodrick-Prescott filter-based hybrid ARIMA-SLFNs model with residual decomposition scheme for carbon price forecasting,none,2022
10.1016/j.eneco.2020.104958,Analyzing carbon pricing policies using a general equilibrium model with production parameters estimated using firm data,none,2020
10.1016/j.jpolmod.2008.12.004,Emissions Compliances and Carbon Prices under the EU ETS: A Country Specific Analysis of Industrial Sectors,none,2009
10.1016/j.ecolecon.2018.08.004,Coming Out Clean: Australian Carbon Pricing and Clean Technology Adoption,none,2018
10.1016/j.enpol.2013.01.006,Modelling the price spread between EUA and CER carbon prices,none,2013
10.1080/14693062.2020.1827537,A dual-track transition to global carbon pricing: the glass is half full,none,2020
10.1002/wcc.462,"Carbon pricing in climate policy: seven reasons, complementary instruments, and political economy considerations",none,2017
10.1016/j.apenergy.2016.12.116,Dependence changes between the carbon price and its fundamentals: A quantile regression approach,none,2017
10.1155/2021/3052041,A Novel Carbon Price Fluctuation Trend Prediction Method Based on Complex Network and Classification Algorithm,none,2021
10.1016/j.marpol.2021.104653,The impacts of carbon pricing on maritime transport costs and their implications for developing economies,none,2021
10.1016/j.egypro.2019.01.925,Dynamic relationship between carbon price and coal price: perspective based on Detrended Cross-Correlation Analysis,none,2019
10.1504/IJGEI.2016.079346,The impact of expectations of returns and investment time scales on carbon price: findings from EU ETS,none,2016
10.1080/10438599.2020.1792607,"Relationship of environment with technological innovation, carbon pricing, renewable energy, and global food production",none,2022
10.1038/s41558-018-0241-7,"Air quality co-benefits of carbon pricing in China (vol 8, pg 398, 2018)",none,2018
10.1257/pandp.20181027,Carbon Pricing Induces Innovation: Evidence from China's Regional Carbon Market Pilots,none,2018
10.1016/j.eneco.2018.04.035,Carbon pricing and system linking: Lessons from the New Zealand Emissions Trading Scheme,none,2018
,Carbon pricing is an effective method to reduce environmental impact of the operating room,none,2022
10.1016/j.jclepro.2020.122151,"Dynamic linkages between transportation, waste management, and carbon pricing: Evidence from the Arab World",none,2020
10.1016/j.gloenvcha.2017.01.005,"Carbon prices and greenhouse gases abatement from agriculture, forestry and land use in Nepal",none,2017
10.1016/B978-0-444-63428-3.50174-0,Towards a sustainable hydrogen economy: role of carbon price for achieving GHG emission targets,none,2016
10.1080/09644016.2016.1196969,"Moving targets: Carbon pricing, energy markets, and social movements in Australia",none,2016
10.1016/j.enpol.2013.06.036,Impact of the carbon price on the integrating European electricity market,none,2013
10.1016/j.jclepro.2022.130851,"Gold mining greenhouse gas emissions, abatement measures, and the impact of a carbon price",none,2022
10.1007/s41742-021-00342-0,The Integration of Carbon Price Between European and Chinese Markets: What are the Implications?,none,2021
10.1016/j.enpol.2019.110986,Policy perspective:Building political support for carbon pricing-Lessons from cap-and-trade policies,none,2019
10.3390/su10072390,Impacts of Carbon Pricing on Brazilian Industry: Domestic Vulnerability and International Trade Exposure,none,2018
10.1016/j.enpol.2020.111905,A carbon price floor in the reformed EU ETS: Design matters!,none,2020
10.3390/en11071907,Predicting the Carbon Price Sequence in the Shenzhen Emissions Exchange Using a Multiscale Ensemble Forecasting Model Based on Ensemble Empirical Mode Decomposition,none,2018
10.1016/j.eneco.2010.09.006,Detecting instability in the volatility of carbon prices,none,2011
10.1016/j.enpol.2020.112060,Co-benefits of subnationally differentiated carbon pricing policies in China: Alleviation of heavy PM2.5 pollution and improvement in environmental equity,none,2021
10.1016/j.eneco.2021.105393,Influences of sentiment from news articles on EU carbon prices,none,2021
10.1002/pam.22313,THE GREEN NEW DEAL AND THE FUTURE OF CARBON PRICING,none,2021
10.1111/jpet.12162,SHOULD THE CARBON PRICE BE THE SAME IN ALL COUNTRIES?,none,2016
10.1007/s11356-021-18304-6,Nexus of COVID-19 and carbon prices in the EU emission trading system: evidence from multifractal and the wavelet coherence approaches,none,2022
10.1007/s10098-020-01844-9,The role of carbon pricing in the relationship between air freight and environmental resource depletion: a case study of Saudi Arabia,none,
10.1016/j.egyr.2022.03.115,Examining the long term relationships between energy commodities prices and carbon prices on electricity prices using Markov Switching Regression,none,2022
10.1038/s41558-020-0880-3,A near-term to net zero alternative to the social cost of carbon for setting carbon prices,none,2020
,Analysis of Impacts of Carbon Prices on the Italian Electricity Market using a Supply Function Equilibrium Model,none,2009
10.1016/j.jeem.2021.102522,Optimal carbon pricing in general equilibrium: Temperature caps and stranded assets in an extended annual DSGE model*,none,2021
10.1016/j.jclepro.2019.119846,"Carbon performance of firms in developing countries: The role of financial slack, carbon prices and dense network",none,2020
10.1016/j.worlddev.2018.11.015,Poverty and distributional effects of carbon pricing in low- and middle-income countries - A global comparative analysis,none,2019
10.1016/j.jclepro.2018.10.167,The information spillover between carbon price and power sector returns: Evidence from the major European electricity companies,none,2019
10.1111/acfi.12708,Estimation of a term structure model of carbon prices through state space methods: The European Union emissions trading scheme,none,2021
10.1007/s11356-022-19858-9,Exploring the short-term and long-term linkages between carbon price and influence factors considering COVID-19 impact,none,
10.1016/j.eswa.2021.116267,A combination forecasting model based on hybrid interval multi-scale decomposition: Application to interval-valued carbon price forecasting,none,2022
10.1088/1748-9326/ac2b61,The economic and environment benefits from international co-ordination on carbon pricing: a review of economic modelling studies *,none,2021
10.3389/fenvs.2022.956469,Carbon pricing and environmental response: A way forward for China's carbon and energy market,none,2022
10.1142/S2010007815500190,HOW MUCH CARBON PRICING IS IN COUNTRIES' OWN INTERESTS? THE CRITICAL ROLE OF CO-BENEFITS,none,2015
10.1016/j.eneco.2021.105286,Quantifying the implied risk for newly-built coal plant to become stranded asset by carbon pricing,none,2021
10.1007/s10113-020-01663-0,Understanding the economic impact of interacting carbon pricing and renewable energy policy in China,none,2020
10.1016/B978-0-444-63965-3.50435-9,A low-carbon power generation pathway for China: Scenario analysis with carbon pricing mechanism,none,2017
10.5547/2160-5890.7.2.gtim,Carbon Pricing and Cross-Border Electricity Trading for Climate Change Mitigation in South Asia,none,2018
10.3390/en9010054,A Carbon Price Forecasting Model Based on Variational Mode Decomposition and Spiking Neural Networks,none,2016
10.1111/j.1467-8462.2012.00709.x,Policy Uncertainty about Australia's Carbon Price: Expert Survey Results and Implications for Investment,none,2012
10.1016/j.eneco.2021.105530,Distributional impacts of carbon pricing policies under the Paris Agreement: Inter and intra-regional perspectives,none,2021
10.1111/1753-6405.12830,"Carbon pricing of food in Australia: an analysis of the health, environmental and public finance impacts",none,2018
10.1088/1748-9326/abdae9,Does carbon pricing reduce emissions? A review of ex-post analyses,none,2021
10.1016/j.physa.2018.12.017,Carbon price forecasting with variational mode decomposition and optimal combined model,none,2019
10.3390/en14217143,Carbon Pricing and Complementary Policies-Consistency of the Policy Mix for Decarbonizing Buildings in Germany,none,2021
10.1007/s10640-021-00594-6,Impact of Carbon Pricing on Low-Carbon Innovation and Deep Carbonisation: Controversies and Path Forward,none,2021
10.1016/j.energy.2016.03.044,Carbon pricing for low carbon technology diffusion: A survey analysis of China's cement industry,none,2016
10.3390/su10093328,Impact of Carbon Prices on Corporate Value: The Case of China's Thermal Listed Enterprises,none,2018
10.1007/s10479-015-1864-y,Factors of carbon price volatility in a comparative analysis of the EUA and sCER,none,2017
10.1021/es102464y,Net Air Emissions from Electric Vehicles: The Effect of Carbon Price and Charging Strategies,none,2011
10.3390/pr7100668,Effective Use of Carbon Pricing on Climate Change Mitigation Projects: Analysis of the Biogas Supply Chain to Substitute Liquefied-Petroleum Gas in Mexico,none,2019
10.1016/j.energy.2013.08.045,Optimisation and selection of a steam turbine for a large scale industrial CHP (combined heat and power) system under Australia's carbon price,none,2013
10.1016/j.ecolecon.2021.107168,Carbon pricing of basic materials: Incentives and risks for the value chain and consumers,none,2021
10.1016/j.apm.2019.10.022,Point and interval forecasting for carbon price based on an improved analysis-forecast system,none,2020
10.1016/j.enpol.2021.112463,Economic efficiency of alternative border carbon adjustment schemes: A case study of California Carbon Pricing and the Western North American power market,none,2021
10.1016/j.jeem.2021.102589,How effective is carbon pricing?-A machine learning approach to policy evaluation,none,2022
10.1080/1540496X.2017.1386547,Carbon Price in China: A CO2 Abatement Cost of Wind Power Perspective,none,2018
10.1016/j.envsci.2010.10.010,The Copenhagen Accord: abatement costs and carbon prices resulting from the submissions,none,2011
10.1016/j.jclepro.2019.118049,Improving the liquidity of China's carbon market: Insight from the effect of carbon price transmission under the policy release,none,2019
10.1017/err.2019.44,Behavioural Economics and Public Support for Carbon Pricing: A Revenue Recycling Scheme to Address the Political Economy of Carbon Taxation,none,2019
10.1016/j.scitotenv.2020.143099,An innovative random forest-based nonlinear ensemble paradigm of improved feature extraction and deep learning for carbon price forecasting,none,2021
10.1016/j.jclepro.2019.05.052,Impact analysis of carbon prices on metal mining projects by block-based estimation model: Implications for cleaner production,none,2019
10.3390/su10093255,How Do Verified Emissions Announcements Affect the Comoves between Trading Behaviors and Carbon Prices? Evidence from EU ETS,none,2018
10.1098/rsta.2016.0374,The carbon price: a toothless tool for material efficiency?,none,2017
10.1108/IJCCSM-02-2020-0020,The Long-Term Trend Analysis and Scenario Simulation of the Carbon Price Based on the Energy-Economic Regulation,none,2020
10.1111/j.1467-8462.2011.00667.x,Policy Forum: Designing a Carbon Price Policy: Using Market-Based Mechanisms for Emission Abatement: Are the Assumptions Plausible?,none,2012
10.15244/pjoes/114261,A Hybrid Carbon Price Forecasting Model with External and Internal Influencing Factors Considered Comprehensively: A Case Study from China,none,2020
10.1080/09644016.2012.705066,The fall (and rise) of carbon pricing in Australia: a political strategy analysis of the carbon pollution reduction scheme,none,2012
10.1016/j.landusepol.2017.06.026,Assessing policy and carbon price settings for incentivising reforestation activities in a carbon market: An Australian perspective,none,2017
10.24818/18423264/56.2.22.08,THE DEPENDENCE OF CLEAN ENERGY STOCK PRICES ON THE OIL AND CARBON PRICES: A NONLINEAR PERSPECTIVE,none,2022
10.1016/j.jenvp.2019.101342,A carbon price by another name may seem sweeter: Consumers prefer upstream offsets to downstream taxes,none,2019
10.1504/IJGW.2015.072660,Combined heat and power system optimisation under carbon pricing policy: a comparison of five carbon markets,none,2015
10.1177/103530461202300104,A Post Keynesian Perspective on Industry Assistance and the Effectiveness of Australia's Carbon Pricing Scheme,none,2012
,Evidence for threshold effects in the pass-through of carbon prices to wholesale electricity prices,none,2016
10.1016/j.jclepro.2013.06.056,The impact of carbon pricing on a closed-loop supply chain: an Australian case study,none,2013
10.1016/j.tranpol.2013.09.017,Examining the impact of carbon price changes under a personalised carbon trading scheme for transport,none,2013
10.1016/j.omega.2012.06.005,Carbon price forecasting with a novel hybrid ARIMA and least squares support vector machines methodology,none,2013
10.1007/s10479-019-03297-w,Technology adoption with carbon emission trading mechanism: modeling with heterogeneous agents and uncertain carbon price,none,2021
10.1111/j.1467-8462.2011.00670.x,Policy Forum: Designing a Carbon Price Policy: Reducing Greenhouse Gas Emissions at the Lowest Cost,none,2012
10.1162/glep_a_00626,The Potential of Co-benefits to Spur Subnational Carbon Pricing in North America: A Qualitative Comparative Analysis,none,2022
10.1080/14693062.2020.1824890,"Who puts a price on carbon, why and how? A global empirical analysis of carbon pricing policies",none,2021
10.1108/JPIF-12-2021-0104,Stochastic framework for carbon price risk estimation of real estate: a Markov switching GARCH simulation approach,none,2022
10.1016/j.enpol.2021.112771,Mitigating size bias for carbon pricing in small Asia-Pacific countries: Increasing block carbon tax,none,2022
10.1016/j.asoc.2021.108204,A three-stage framework for vertical carbon price interval forecast based on decomposition-integration method,none,2022
10.1016/j.enpol.2021.112471,Carbon pricing in Germany's road transport and housing sector: Options for reimbursing carbon revenues,none,2021
10.1080/09644016.2019.1661155,The diffusion of carbon taxes and emission trading schemes: the emerging norm of carbon pricing,none,2020
10.3390/su11184834,A Tax Coming from the IPCC Carbon Prices Cannot Change Consumption: Evidence from an Experiment,none,2019
10.1016/j.econmod.2017.01.017,Carbon pricing and terms of trade effects for China and India: A general equilibrium analysis,none,2017
10.1007/s10663-012-9188-5,Does a cap on the carbon price have to be a cap on green investments?,none,2012
10.46544/AMS.v27i1.05,Carbon Pricing Mechanism for the Energy Industry: A Bibliometric Study of Optimal Pricing Policies,none,2022
10.1016/j.energy.2017.01.046,Oil refining in a CO2 constrained world: Effects of carbon pricing on refineries globally,none,2017
10.1038/s41558-020-00914-6,Constant carbon pricing increases support for climate action compared to ramping up costs over time,none,2020
10.1080/14693062.2019.1641460,Mapping and clustering the adoption of carbon pricing policies: what polities price carbon and why?,none,2019
10.3390/en15062162,A Study on Energy Tax Reform for Carbon Pricing Using an Input-Output Table for the Analysis of a Next-Generation Energy System,none,2022
10.3390/su13158413,Forecasting Carbon Price with Secondary Decomposition Algorithm and Optimized Extreme Learning Machine,none,2021
10.1080/14693062.2019.1639490,Perceived fairness and public acceptability of carbon pricing: a review of the literature,none,2019
10.1016/j.jclepro.2019.118066,Windfall profits in the power sector during phase III of the EU ETS: Interplay and effects of renewables and carbon prices,none,2019
10.1111/j.1467-8462.2011.00671.x,"Policy Forum: Designing a Carbon Price Policy: Is the Australian Climate Plan Fair to Australia's Energy-Intensive, Trade-Exposed Industries?",none,2012
10.1111/j.1475-4932.2006.00333.x,Using a real-options approach to model technology adoption under carbon price uncertainty: An application to the Australian electricity generation sector,none,2006
10.17645/pag.v10i1.4857,Carbon Pricing in the US: Examining State-Level Policy Support and Federal Resistance,none,2022
10.1016/j.tre.2020.102038,Carbon emission-compliance green location-inventory problem with demand and carbon price uncertainties,none,2020
10.1016/j.esr.2020.100509,Implications of carbon price paths on energy security in four Baltic region countries,none,2020
10.1016/j.jclepro.2018.11.116,Price transmission mechanism and socio-economic effect of carbon pricing in Beijing: A two-region social accounting matrix analysis,none,2019
10.3390/en14248216,Assessing the Effects of Uncertain Energy and Carbon Prices on the Operational Patterns and Economic Results of CHP Systems,none,2021
10.1007/s11356-021-17623-y,"Evaluating pollution damage function through carbon pricing, renewable energy demand, and cleaner technologies in China: blue versus green economy",none,2022
10.1016/j.jclepro.2018.01.102,How China's current carbon trading policy affects carbon price? An investigation of the Shanghai Emission Trading Scheme pilot,none,2018
10.21314/JEM.2020.219,Addressing competitiveness of emissions-intensive and trade-exposed sectors: a review of Alberta's carbon pricing system,none,2021
10.1016/j.scitotenv.2018.11.106,What are the main factors affecting carbon price in Emission Trading Scheme? A case study in China,none,2019
10.1016/j.jclepro.2019.118556,Modelling of carbon price in two real carbon trading markets,none,2020
10.1371/journal.pmed.1002610,"Carbon pricing, co-pollutants, and climate policy: Evidence from California",none,2018
10.1016/j.enpol.2013.11.003,The magnitude of the impact of a shift from coal to gas under a Carbon Price,none,2014
10.1002/ese3.799,An ensemble-driven long short-term memory model based on mode decomposition for carbon price forecasting of all eight carbon trading pilots in China,none,2020
10.1007/s10479-019-03365-1,Incorporation of life cycle emissions and carbon price uncertainty into the supply chain network management of PVC production,none,2021
10.1016/j.resconrec.2022.106246,"Carbon pricing policy, revenue recycling schemes, and income inequality: A multi-regional dynamic CGE assessment for China",none,2022
10.1007/s10479-021-04392-7,Carbon price prediction for China's ETS pilots using variational mode decomposition and optimized extreme learning machine,none,
10.3390/su13094896,Carbon Price Forecasting Based on Improved CEEMDAN and Extreme Learning Machine Optimized by Sparrow Search Algorithm,none,2021
10.1016/j.joule.2018.11.019,Hot Air Won't Fly: The New Climate Consensus That Carbon Pricing Isn't Cutting It,none,2018
,SUSTAINABILITY LIVING IN A CARBON PRICED ECONOMY: TRADE-OFFS IN PURCHASING AND PRACTICES AND SUSTAINABILITY GUILT,none,2016
10.1016/j.rser.2021.111741,Multidimensional assessment of the energy sustainability and carbon pricing impacts along the Belt and Road Initiative,none,2022
10.1016/j.foreco.2020.118847,How does carbon pricing impact optimal thinning schedules and net present value in Mediterranean pine plantations?,none,2021
10.1016/j.psep.2022.08.011,Forecasting carbon price in the European carbon market: The role of structural changes,none,2022
10.1002/bse.2817,Environmental self-regulation for sustainable development: Can internal carbon pricing enhance financial performance?,none,2021
10.1080/09644016.2019.1608659,Opposition to carbon pricing and right-wing populism: Ontario's 2018 general election,none,2019
10.1016/j.ecolind.2017.10.028,Scenario analysis of the carbon pricing policy in China's power sector through 2050: Based on an improved CGE model,none,2018
10.1088/2515-7620/ac02ad,Carbon price dynamics in ambitious climate mitigation scenarios: an analysis based on the IAMC 1.5 degrees C scenario explorer,none,2021
10.1002/ese3.703,Forecasting the carbon price sequence in the Hubei emissions exchange using a hybrid model based on ensemble empirical mode decomposition,none,2020
10.1088/1748-9326/aa9c89,Social cost of carbon pricing of power sector CO2: accounting for leakage and other social implications from subnational policies,none,2018
10.1111/ropr.12458,"Carbon pricing and decoupling between greenhouse gas emissions and economic growth: A panel study of 29 European countries, 1996-2014(sic)(sic)(sic)Palabras Clave",none,2022
10.1007/s11356-021-12966-y,Progress in nuclear energy with carbon pricing to achieve environmental sustainability agenda: on the edge of one's seat,none,2021
10.1080/21606544.2015.1075906,Assessing the effects of climate change policy on the volatility of carbon prices in reference to the Great Recession,none,2016
10.1016/j.energy.2020.118294,A novel carbon price prediction model combines the secondary decomposition algorithm and the long short-term memory network,none,2020
10.3390/en5020355,"A Novel Multiscale Ensemble Carbon Price Prediction Model Integrating Empirical Mode Decomposition, Genetic Algorithm and Artificial Neural Network",none,2012
10.1016/j.enpol.2019.04.016,Why fully liberalised electricity markets will fail to meet deep decarbonisation targets even with strong carbon pricing,none,2019
10.1016/j.apenergy.2017.05.038,Overlapping carbon pricing and renewable support schemes under political uncertainty: Global lessons from an Australian case study,none,2017
10.1016/j.energy.2014.05.051,The impact of subsidies and carbon pricing on the wood biomass use for energy in the EU,none,2014
10.1007/s10479-022-04858-2,An optimized decomposition integration framework for carbon price prediction based on multi-factor two-stage feature dimension reduction,none,
10.1007/s10640-021-00608-3,"Impact of Carbon Pricing on Low-Carbon Innovation and Deep Decarbonisation: Controversies and Path Forward (Sept, 10.1007/s10640-021-00594-6, 2021)",none,2021
,THE IMPACT OF AUSTRALIA'S CARBON PRICE ON THE OPTIMISATION AND SELECTION OF GAS TURBINE CHP SYSTEMS,none,2014
10.3390/su14159684,Current Status and Future Perspectives of Carbon Pricing Research in Austria,none,2022
10.1080/15567249.2014.1004002,Electricity and carbon prices: Asymmetric pass-through evidence from New Zealand,none,2018
10.1016/j.eneco.2011.07.012,A model of carbon price interactions with macroeconomic and energy dynamics,none,2011
10.1080/13563467.2018.1384454,How Low Can It Go? Analysing the Political Economy of Carbon Market Design and Low Carbon Prices,none,2018
10.1016/j.enpol.2013.04.028,The impact of electricity demand reduction policies on the EU-ETS: Modelling electricity and carbon prices and the effect on industrial competitiveness,none,2013
10.1007/s10584-022-03340-z,A two-step carbon pricing scheme enabling a net-zero and net-negative CO2-emissions world,none,2022
10.3390/en12152983,How to Comply with the Paris Agreement Temperature Goal: Global Carbon Pricing According to Carbon Budgets,none,2019
10.1016/j.apenergy.2016.10.115,An estimation of the effect of carbon pricing for CO2 mitigation in China's cement industry,none,2017
10.3390/su12051869,A Novel Extended Higher-Order Moment Multi-Factor Framework for Forecasting the Carbon Price: Testing on the Multilayer Long Short-Term Memory Network,none,2020
10.1016/j.scitotenv.2020.137117,Carbon price forecasting based on modified ensemble empirical mode decomposition and long short-term memory optimized by improved whale optimization algorithm,none,2020
10.1016/j.apenergy.2020.115069,Impact of carbon pricing policies on the cost and emission of the biomass supply chain: Optimization models and a case study,none,2020
10.14512/gaia.29.4.10,Carbon-pricing between efficient instrument and excessive demands? A pilot study on conditions for acceptability,none,2020
10.1016/j.enpol.2014.02.003,"Political economy constraints on carbon pricing policies: What are the implications for economic efficiency, environmental efficacy, and climate policy design?",none,2014
10.1016/j.jtrangeo.2018.06.008,"Does carbon pricing reduce air travel? Evidence from the Australian 'Clean Energy Future' policy, July 2012 to June 2014",none,2018
10.1016/j.jclepro.2021.126749,The influence of carbon price on fuel conversion strategy of power generation enterprises--A perspective of Guangdong province,none,2021
10.1016/j.jth.2017.11.002,What can fuel price increases tell us about the air pollution health co-benefits of a carbon price?,none,2018
10.1016/j.apenergy.2017.12.001,How to optimize the development of carbon trading in China-Enlightenment from evolution rules of the EU carbon price,none,2018
10.1016/j.jclepro.2020.125342,Estimating the optimal internal carbon prices for balancing forest wood production and carbon sequestration: The case of northeast China,none,2021
10.1016/j.techfore.2018.11.009,Disentangling the drivers of carbon prices in China's ETS pilots - An EEMD approach,none,2019
10.1016/j.eswa.2014.12.047,Chaotic characteristic identification for carbon price and an multi-layer perceptron network prediction model,none,2015
10.1007/s10888-013-9259-2,The possibilities for global inequality and poverty reduction using revenues from global carbon pricing,none,2014
10.1016/j.enpol.2012.11.011,The impact of future carbon prices on CCS investment for power generation in China,none,2013
10.1016/j.energy.2022.124739,Combined effects of carbon pricing and power market reform on CO2 emissions reduction in China's electricity sector,none,2022
10.1016/j.erss.2019.01.022,Is one carbon price enough? Assessing the effects of payment vehicle choice on willingness to pay in Sweden,none,2019
10.3390/en15103562,Forecasting Regional Carbon Prices in China Based on Secondary Decomposition and a Hybrid Kernel-Based Extreme Learning Machine,none,2022
10.1016/j.forpol.2017.10.017,Analyzing the effect of carbon prices on wood production and harvest scheduling in a managed forest in Turkey,none,2019
10.1016/j.pacfin.2018.12.006,The wealth effects of the announcement of the Australian carbon pricing scheme,none,2019
10.3390/en13133471,Carbon Price Prediction Based on Ensemble Empirical Mode Decomposition and Extreme Learning Machine Optimized by Improved Bat Algorithm Considering Energy Price Factors,none,2020
10.14512/gaia.25.1.8,"Carbon Pricing Stiglitz' Distinct plus 100 US Dollar Proposal as Example for a Constructive and Promising Debate, Still Lacking Implementability and Acceptability",none,2016
10.1007/s11356-021-16089-2,Carbon price forecasting using multiscale nonlinear integration model coupled optimal feature reconstruction with biphasic deep learning,none,
10.1016/j.renene.2017.12.059,Modeling the optimal mix and location of wind and solar with transmission and carbon pricing considerations,none,2018
,Alberta's carbon edge The Canadian province's carbon pricing and sequestration infrastructure are attracting investment,none,2022
10.1093/isp/ekaa013,"Calling in the Heavyweights: Why the World Bank Established the Carbon Pricing Leadership Coalition, and What It Might Achieve",none,2021
10.1109/ICSET.2008.4747156,A Risk Analysis Method for Carbon Price Prediction with Hybrid Intelligent Model in Consideration of Variable Selection of Graphical Modeling,none,2008
10.1016/j.jclepro.2017.01.154,Carbon prices: Were they an obstacle to the launching of emission abatement projects in Spain in the Kyoto Protocol period?,none,2017
10.1016/j.jclepro.2021.128024,"A novel framework for carbon price prediction using comprehensive feature screening, bidirectional gate recurrent unit and Gaussian process regression",none,2021
,"Comparative Costs of Electricity Generation Technologies in Australia considering Carbon Pricing, Government's Subsidisation, and Intermittent Renewable Integration Costs",none,2013
10.1016/j.ecolecon.2015.03.020,Beyond carbon pricing: The role of banking and monetary policy in financing the transition to a low-carbon economy,none,2016
10.1016/j.apenergy.2015.06.018,The research on setting a unified interval of carbon price benchmark in the national carbon trading market of China,none,2015
10.18800/derechopucp.202101.003,How to green the Andean Community Law?: Proposals to insert carbon pricing policies in a context of green recovery in the Andean Community,none,2021
10.1016/j.jclepro.2018.09.108,Impacts of carbon pricing and renewable electricity subsidy on direct cost of electricity generation: A case study of China's provincial power sector,none,2018
10.1007/s10668-022-02299-2,A novel cluster based multi-index nonlinear ensemble framework for carbon price forecasting,none,
10.1038/s41558-021-01268-3,Limited impacts of carbon tax rebate programmes on public support for carbon pricing,none,2022
10.1080/14693062.2011.644071,A case for introducing an explicit carbon price into China's export tax,none,2012
10.1016/j.jfe.2017.11.002,Forecasting the effect of carbon price and log price on the afforestation rate in New Zealand,none,2018
10.1016/j.reseneeco.2018.01.004,Carbon pricing with an output subsidy under imperfect competition: The case of Alberta's restructured electricity market,none,2018
10.1016/j.apenergy.2018.02.003,Usefulness of economic and energy data at different frequencies for carbon price forecasting in the EU ETS,none,2018
10.5547/01956574.37.3.dbre,Why is Spot Carbon so Cheap and Future Carbon so Dear? The Term Structure of Carbon Prices,none,2016
,"Reconciling scientific reality with realpolitik: moving beyond carbon pricing to TEQs - an integrated, economy-wide emissions cap",none,2014
10.1016/j.seps.2012.09.004,Estimating the impact of fuel-switching between liquid fuels and electricity under electricity-sector carbon-pricing schemes,none,2013
10.3390/en15103836,Comparing the Energy System of a Facility with Uncertainty about Future Internal Carbon Prices and Energy Carrier Costs Using Deterministic Optimisation and Two-Stage Stochastic Programming,none,2022
10.1080/13876988.2020.1794754,Institutions and Agency in the Making of Carbon Pricing Policies: Evidence from Mexico and Directions for Comparative Analyses in Latin America,none,2021
10.1007/s10018-020-00293-4,Increasing food production and mitigating agricultural greenhouse gas emissions in the European Union: impacts of carbon pricing and calorie production targeting,none,2021
10.1080/17583004.2015.1097007,Energy and carbon prices: a comparison of interactions in the European Union Emissions Trading Scheme and the Western Climate Initiative market,none,2015
10.1016/j.apenergy.2021.117040,The effect of price-based demand response on carbon emissions in European electricity markets: The importance of adequate carbon prices,none,2021
10.1016/j.enpol.2021.112773,Do firms respond differently to the carbon pricing by industrial sector? How and why? A comparison between manufacturing and electricity generation sectors using firm-level panel data in Korea,none,2022
10.3389/fenvs.2021.740093,An Ensemble Prediction System Based on Artificial Neural Networks and Deep Learning Methods for Deterministic and Probabilistic Carbon Price Forecasting,none,2021
10.1016/j.enpol.2014.07.021,The economic impact of carbon pricing with regulated electricity prices in China-An application of a computable general equilibrium approach,none,2014
10.3390/en15145291,Hybrid Game Optimization of Microgrid Cluster (MC) Based on Service Provider (SP) and Tiered Carbon Price,none,2022
10.1016/j.erss.2021.102367,What explains German consumers' acceptance of carbon pricing? Examining the roles of pro-environmental orientation and consumer coping style,none,2022
10.1016/j.engappai.2022.105172,A novel carbon price combination forecasting approach based on multi-source information fusion and hybrid multi-scale decomposition,none,2022
10.1016/j.jenvman.2019.109356,Analyzing the effects of various forest management strategies and carbon prices on carbon dynamics in western Turkey,none,2019
10.1016/j.energy.2015.12.003,"Impacts of carbon pricing, brown coal availability and gas cost on Czech energy system up to 2050",none,2016
10.3390/ijerph191710876,Effect Mechanism Research of Carbon Price Drivers in China-A Case Study of Shenzhen,none,2022
10.1016/j.energy.2019.01.009,"Forecasting carbon prices in the Shenzhen market, China: The role of mixed-frequency factors",none,2019
10.1007/s12053-018-9686-9,Carbon pricing and energy efficiency: pathways to deep decarbonization of the US electric sector,none,2019
,Characterizing the impact of uncertain discount rates and carbon pricing on the optimal design and operation of the Kamalsaleh water transmission system,none,2010
10.1016/j.forpol.2009.09.012,"Mitigating greenhouse gases: The importance of land base interactions between forests, agriculture, and residential development in the face of changes in bioenergy and carbon prices",none,2010
10.1007/s40812-020-00157-8,Addressing the concerns about carbon leakage in the implementation of carbon pricing policies: a focus on the issue of competitiveness,none,2021
10.1016/j.ecolecon.2018.10.001,A Fuzzy Stochastic Model for Carbon Price Prediction Under the Effect of Demand-related Policy in China's Carbon Market,none,2019
10.1088/1755-1315/121/5/052073,The influencing factors of China carbon price: a study based on carbon trading market in hubei province,none,2018
10.1007/s10018-020-00274-7,Analysis of inter-regional effects caused by the wide-area operation of the power grid in Japan: an implication for carbon pricing schemes,none,2021
10.1080/17583004.2020.1755597,Factor analysis and carbon price prediction based on empirical mode decomposition and least squares support vector machine optimized by improved particle swarm optimization,none,2020
10.1016/j.rser.2021.111745,Review of internal carbon pricing and the development of a decision process for the identification of promising Internal Pricing Methods for an Organisation,none,2022
10.1016/j.apenergy.2018.09.118,Analysis and forecasting of the carbon price using multi resolution singular value decomposition and extreme learning machine optimized by adaptive whale optimization algorithm,none,2018
10.1016/j.eneco.2021.105788,A computable general equilibrium (CGE) assessment of technological progress and carbon pricing in India's green energy transition via furthering its renewable capacity,none,2022
10.1016/j.envsci.2014.12.012,A stochastic analysis of the impact of input parameters on profit of Australian pasture-based dairy farms under variable carbon price scenarios,none,2015
10.1016/j.rser.2021.111663,Developing a framework to assess the long-term adoption of renewable energy technologies in the electric power sector: The effects of carbon price and economic incentives,none,2021
10.1007/s13762-021-03871-5,Carbon price prediction model based on adaptive variational mode decomposition and optimized extreme learning machine,none,
10.3389/fenvs.2021.651791,Time-Varying Impacts of Carbon Price Drivers in the EU ETS: A TVP-VAR Analysis,none,2021
10.1007/s10640-022-00708-8,"On the quality of emission reductions: observed effects of carbon pricing on investments, innovation, and operational shifts. A response to van den Bergh and Savin (2021)",none,
10.3390/en12010147,Multi-Step-Ahead Carbon Price Forecasting Based on Variational Mode Decomposition and Fast Multi-Output Relevance Vector Regression Optimized by the Multi-Objective Whale Optimization Algorithm,none,2019
10.1016/j.techfore.2020.120434,Markov-switching dependence between artificial intelligence and carbon price: The role of policy uncertainty in the era of the 4th industrial revolution and the effect of COVID-19 pandemic,none,2021
10.1016/j.enpol.2022.112805,Are carbon pricing policies on a path to failure in resource-dependent economies? A willingness-to-pay case study of Canada,none,2022
10.1007/s11356-022-20450-4,A novel hybrid learning paradigm with feature extraction for carbon price prediction based on Bi-directional long short-term memory network optimized by an improved sparrow search algorithm,none,2022
10.1016/j.jclepro.2019.118682,The market-linkage of the volatility spillover between traditional energy price and carbon price on the realization of carbon value of emission reduction behavior,none,2020
10.1016/j.eneco.2021.105187,How should China prioritize the deregulation of electricity prices in the context of carbon pricing? A computable general equilibrium analysis,none,2021
10.1016/j.enpol.2013.09.072,Carbon pricing and energy efficiency improvement - why to miss the interaction for developing economies? An illustrative CGE based application to the Pakistan case,none,2014
10.1016/j.scitotenv.2020.141675,A scenario-based analysis of the effect of carbon pricing on organic livestock farm performance: A case study of Spanish dehesas and rangelands,none,2021
10.1080/17583004.2021.1966514,Carbon pricing and supporting policy tools for deep decarbonization; case of electricity generation of Sri Lanka,none,2021
10.1068/c11192,Reciprocity as deliberative capacity: lessons from a citizen's deliberation on carbon pricing mechanisms in Australia,none,2013
10.1016/j.energy.2022.124167,A novel carbon price prediction model based on optimized least square support vector machine combining characteristic-scale decomposition and phase space reconstruction,none,2022
10.1007/s12053-018-9714-9,"Carbon pricing and energy efficiency: pathways to deep decarbonization of the US electric sector (vol 12, pg 463, 2019)",none,2019
10.1016/j.jeem.2004.09.002,Carbon sequestration or abatement? The effect of rising carbon prices on the optimal portfolio of greenhouse-gas mitigation strategies,none,2005
,Future merit order dynamics: A model-based impact analysis of ambitious carbon prices on the electricity spot market in Germany,none,2019
10.3390/en12050950,Forecasting the Carbon Price Using Extreme-Point Symmetric Mode Decomposition and Extreme Learning Machine Optimized by the Grey Wolf Optimizer Algorithm,none,2019
10.1016/j.eneco.2021.105131,The marginal impacts of energy prices on carbon price variations: Evidence from a quantile-on-quantile approach,none,2021
10.3390/su10030605,How Will Policies of China's CO2 ETS Affect its Carbon Price: Evidence from Chinese Pilot Regions,none,2018
10.1016/j.egyr.2019.11.015,Does the carbon price in Chinese seven carbon markets converge or not? - Based on the Fourier quantile unit root test,none,2019
10.1080/13504509.2021.1902877,Can universities be a platform for climate mitigation? Exploring the impacts of carbon pricing in the university setting,none,2021
10.1016/j.neucom.2020.12.086,A denoising carbon price forecasting method based on the integration of kernel independent component analysis and least squares support vector regression,none,2021
10.3390/ijerph19095217,Co-Movement between Carbon Prices and Energy Prices in Time and Frequency Domains: A Wavelet-Based Analysis for Beijing Carbon Emission Trading System,none,2022
10.1016/j.enpol.2010.02.029,"Effects of a carbon price in the US on economic sectors, resource use, and emissions: An input-output approach",none,2010
10.3390/f12060651,"Use of Optimization Modeling to Assess the Effect of Timber and Carbon Pricing on Harvest Scheduling, Carbon Sequestration, and Net Present Value of Eucalyptus Plantations",none,2021
10.3390/f8020043,Evaluating the Effects of Carbon Prices on Trade-Offs between Carbon and Timber Management Objectives in Forest Spatial Harvest Scheduling Problems: A Case Study from Northeast China,none,2017
10.1007/s10668-022-02422-3,Green innovation and carbon emissions: the role of carbon pricing and environmental policies in attaining sustainable development targets of carbon mitigation-evidence from Central-Eastern Europe,none,
10.1080/17583004.2018.1522095,Carbon pricing prediction based on wavelet transform and K-ELM optimized by bat optimization algorithm in China ETS: the case of Shanghai and Hubei carbon markets,none,2018
10.1163/22116001_03501007,To Tax or Not to Tax: The Case for a 1.5 degrees C Carbon Price on International Shipping-Perspectives from the Climate Most Vulnerable Nations,none,2021
10.3390/en12224283,Carbon Price Forecasting Based on Multi-Resolution Singular Value Decomposition and Extreme Learning Machine Optimized by the Moth-Flame Optimization Algorithm Considering Energy and Economic Factors,none,2019
10.3390/en12020277,"Analysis and Forecasting of the Carbon Price in China's Regional Carbon Markets Based on Fast Ensemble Empirical Mode Decomposition, Phase Space Reconstruction, and an Improved Extreme Learning Machine",none,2019
